{"filename":"D:\\python\\Final_project\\myapp\\nse-azure-function\\__azurite_db_blob__.json","collections":[{"name":"$SERVICES_COLLECTION$","data":[],"idIndex":null,"binaryIndices":{},"constraints":null,"uniqueNames":["accountName"],"transforms":{},"objType":"$SERVICES_COLLECTION$","dirty":false,"cachedIndex":null,"cachedBinaryIndex":null,"cachedData":null,"adaptiveBinaryIndices":true,"transactional":false,"cloneObjects":false,"cloneMethod":"parse-stringify","asyncListeners":false,"disableMeta":false,"disableChangesApi":true,"disableDeltaChangesApi":true,"autoupdate":false,"serializableIndices":true,"disableFreeze":true,"ttl":null,"maxId":0,"DynamicViews":[],"events":{"insert":[],"update":[],"pre-insert":[],"pre-update":[],"close":[],"flushbuffer":[],"error":[],"delete":[null],"warning":[null]},"changes":[],"dirtyIds":[]},{"name":"$CONTAINERS_COLLECTION$","data":[{"accountName":"devstoreaccount1","name":"azure-webjobs-hosts","properties":{"etag":"\"0x1D0F0D74FBC5720\"","lastModified":"2025-11-20T18:48:17.932Z","leaseStatus":"unlocked","leaseState":"available","hasImmutabilityPolicy":false,"hasLegalHold":false},"meta":{"revision":0,"created":1763664497934,"version":0},"$loki":1}],"idIndex":null,"binaryIndices":{"accountName":{"name":"accountName","dirty":false,"values":[0]},"name":{"name":"name","dirty":false,"values":[0]}},"constraints":null,"uniqueNames":[],"transforms":{},"objType":"$CONTAINERS_COLLECTION$","dirty":false,"cachedIndex":null,"cachedBinaryIndex":null,"cachedData":null,"adaptiveBinaryIndices":true,"transactional":false,"cloneObjects":false,"cloneMethod":"parse-stringify","asyncListeners":false,"disableMeta":false,"disableChangesApi":true,"disableDeltaChangesApi":true,"autoupdate":false,"serializableIndices":true,"disableFreeze":true,"ttl":null,"maxId":1,"DynamicViews":[],"events":{"insert":[],"update":[],"pre-insert":[],"pre-update":[],"close":[],"flushbuffer":[],"error":[],"delete":[null],"warning":[null]},"changes":[],"dirtyIds":[]},{"name":"$BLOBS_COLLECTION$","data":[{"deleted":false,"accountName":"devstoreaccount1","containerName":"azure-webjobs-hosts","name":"locks/desktopn0idnlf-847876903/Host.Functions.DownloadPDFsFunction.Listener","properties":{"creationTime":"2025-11-20T18:48:17.940Z","lastModified":"2025-11-20T18:48:17.940Z","etag":"\"0x1F0D706CF830E90\"","contentLength":0,"contentType":"application/octet-stream","contentMD5":{"type":"Buffer","data":[212,29,140,217,143,0,178,4,233,128,9,152,236,248,66,126]},"blobType":"BlockBlob","leaseStatus":"locked","leaseState":"leased","serverEncrypted":true,"accessTier":"Hot","accessTierInferred":true,"accessTierChangeTime":"2025-11-20T18:48:17.940Z","leaseDuration":"fixed"},"snapshot":"","isCommitted":true,"persistency":{"id":"f87cf390-ad8b-499f-a8a6-a4c5caf4607f","offset":0,"count":0},"meta":{"revision":66,"created":1763664497947,"version":0,"updated":1763664986495},"$loki":1,"leaseId":"48cc6bda-d6f5-48b5-83ce-e331488a6c85","leaseExpireTime":"2025-11-20T18:56:41.495Z","leaseDurationSeconds":15},{"deleted":false,"accountName":"devstoreaccount1","containerName":"azure-webjobs-hosts","name":"locks/desktopn0idnlf-847876903/Host.Functions.FetchCSVFunction.Listener","properties":{"creationTime":"2025-11-20T18:48:17.942Z","lastModified":"2025-11-20T18:48:17.942Z","etag":"\"0x25869DDADCBB140\"","contentLength":0,"contentType":"application/octet-stream","contentMD5":{"type":"Buffer","data":[212,29,140,217,143,0,178,4,233,128,9,152,236,248,66,126]},"blobType":"BlockBlob","leaseStatus":"locked","leaseState":"leased","serverEncrypted":true,"accessTier":"Hot","accessTierInferred":true,"accessTierChangeTime":"2025-11-20T18:48:17.942Z","leaseDuration":"fixed"},"snapshot":"","isCommitted":true,"persistency":{"id":"8d4eae1b-a8c2-4d2d-b2a4-c2c43e52d02a","offset":0,"count":0},"meta":{"revision":66,"created":1763664497949,"version":0,"updated":1763664986509},"$loki":2,"leaseId":"e062f646-3eae-41e0-9f6d-33592e8821c9","leaseExpireTime":"2025-11-20T18:56:41.508Z","leaseDurationSeconds":15},{"deleted":false,"accountName":"devstoreaccount1","containerName":"azure-webjobs-hosts","name":"timers/desktopn0idnlf-847876903/Host.Functions.DownloadPDFsFunction/status","properties":{"creationTime":"2025-11-20T18:48:17.995Z","lastModified":"2025-11-20T18:48:17.995Z","etag":"\"0x1F09BAD4FB92E70\"","contentLength":121,"contentType":"application/octet-stream","contentMD5":{"type":"Buffer","data":[241,42,213,84,75,211,97,136,78,188,207,199,22,247,113,90]},"blobType":"BlockBlob","leaseStatus":"unlocked","leaseState":"available","serverEncrypted":true,"accessTier":"Hot","accessTierInferred":true,"accessTierChangeTime":"2025-11-20T18:48:17.995Z"},"snapshot":"","isCommitted":true,"persistency":{"id":"f87cf390-ad8b-499f-a8a6-a4c5caf4607f","offset":0,"count":121},"meta":{"revision":0,"created":1763664498002,"version":0},"$loki":3},{"deleted":false,"accountName":"devstoreaccount1","containerName":"azure-webjobs-hosts","name":"timers/desktopn0idnlf-847876903/Host.Functions.FetchCSVFunction/status","properties":{"creationTime":"2025-11-20T18:48:17.996Z","lastModified":"2025-11-20T18:48:17.996Z","etag":"\"0x1C92703D54EB900\"","contentLength":120,"contentType":"application/octet-stream","contentMD5":{"type":"Buffer","data":[14,165,90,12,141,174,209,161,190,9,134,53,46,13,154,42]},"blobType":"BlockBlob","leaseStatus":"unlocked","leaseState":"available","serverEncrypted":true,"accessTier":"Hot","accessTierInferred":true,"accessTierChangeTime":"2025-11-20T18:48:17.996Z"},"snapshot":"","isCommitted":true,"persistency":{"id":"8d4eae1b-a8c2-4d2d-b2a4-c2c43e52d02a","offset":0,"count":120},"meta":{"revision":0,"created":1763664498004,"version":0},"$loki":4},{"deleted":false,"metadata":{"FunctionInstance":"000000000000000000000000E290A923"},"accountName":"devstoreaccount1","containerName":"azure-webjobs-hosts","name":"locks/desktopn0idnlf-847876903/host","properties":{"creationTime":"2025-11-20T18:48:22.627Z","lastModified":"2025-11-20T18:48:22.641Z","etag":"\"0x1C1F8C80A4825B0\"","contentLength":0,"contentType":"application/octet-stream","contentMD5":{"type":"Buffer","data":[212,29,140,217,143,0,178,4,233,128,9,152,236,248,66,126]},"blobType":"BlockBlob","leaseStatus":"locked","leaseState":"leased","serverEncrypted":true,"accessTier":"Hot","accessTierInferred":true,"accessTierChangeTime":"2025-11-20T18:48:22.627Z","leaseDuration":"fixed"},"snapshot":"","isCommitted":true,"persistency":{"id":"f87cf390-ad8b-499f-a8a6-a4c5caf4607f","offset":121,"count":0},"meta":{"revision":42,"created":1763664502629,"version":0,"updated":1763664982655},"$loki":5,"leaseId":"000000000000000000000000E290A923","leaseExpireTime":"2025-11-20T18:56:37.654Z","leaseDurationSeconds":15}],"idIndex":[1,2,3,4,5],"binaryIndices":{"accountName":{"name":"accountName","dirty":false,"values":[1,0,4,3,2]},"containerName":{"name":"containerName","dirty":false,"values":[1,0,4,3,2]},"name":{"name":"name","dirty":false,"values":[0,1,4,2,3]},"snapshot":{"name":"snapshot","dirty":false,"values":[1,0,4,3,2]}},"constraints":null,"uniqueNames":[],"transforms":{},"objType":"$BLOBS_COLLECTION$","dirty":false,"cachedIndex":null,"cachedBinaryIndex":null,"cachedData":null,"adaptiveBinaryIndices":true,"transactional":false,"cloneObjects":false,"cloneMethod":"parse-stringify","asyncListeners":false,"disableMeta":false,"disableChangesApi":true,"disableDeltaChangesApi":true,"autoupdate":false,"serializableIndices":true,"disableFreeze":true,"ttl":null,"maxId":5,"DynamicViews":[],"events":{"insert":[],"update":[],"pre-insert":[],"pre-update":[],"close":[],"flushbuffer":[],"error":[],"delete":[null],"warning":[null]},"changes":[],"dirtyIds":[]},{"name":"$BLOCKS_COLLECTION$","data":[],"idIndex":null,"binaryIndices":{"accountName":{"name":"accountName","dirty":false,"values":[]},"containerName":{"name":"containerName","dirty":false,"values":[]},"blobName":{"name":"blobName","dirty":false,"values":[]},"name":{"name":"name","dirty":false,"values":[]}},"constraints":null,"uniqueNames":[],"transforms":{},"objType":"$BLOCKS_COLLECTION$","dirty":false,"cachedIndex":null,"cachedBinaryIndex":null,"cachedData":null,"adaptiveBinaryIndices":true,"transactional":false,"cloneObjects":false,"cloneMethod":"parse-stringify","asyncListeners":false,"disableMeta":false,"disableChangesApi":true,"disableDeltaChangesApi":true,"autoupdate":false,"serializableIndices":true,"disableFreeze":true,"ttl":null,"maxId":0,"DynamicViews":[],"events":{"insert":[],"update":[],"pre-insert":[],"pre-update":[],"close":[],"flushbuffer":[],"error":[],"delete":[null],"warning":[null]},"changes":[],"dirtyIds":[]}],"databaseVersion":1.5,"engineVersion":1.5,"autosave":true,"autosaveInterval":5000,"autosaveHandle":null,"throttledSaves":true,"options":{"persistenceMethod":"fs","autosave":true,"autosaveInterval":5000,"serializationMethod":"normal","destructureDelimiter":"$<\n"},"persistenceMethod":"fs","persistenceAdapter":null,"verbose":false,"events":{"init":[null],"loaded":[],"flushChanges":[],"close":[],"changes":[],"warning":[]},"ENV":"NODEJS"}