{"filename":"D:\\python\\Final_project\\myapp\\nse-azure-function\\__azurite_db_blob_extent__.json","collections":[{"name":"$EXTENTS_COLLECTION$","data":[{"id":"f87cf390-ad8b-499f-a8a6-a4c5caf4607f","locationId":"Default","path":"f87cf390-ad8b-499f-a8a6-a4c5caf4607f","size":121,"lastModifiedInMS":1763664497945,"meta":{"revision":2,"created":1763664497946,"version":0,"updated":1763664502629},"$loki":1,"LastModifyInMS":1763664502628},{"id":"8d4eae1b-a8c2-4d2d-b2a4-c2c43e52d02a","locationId":"Default","path":"8d4eae1b-a8c2-4d2d-b2a4-c2c43e52d02a","size":120,"lastModifiedInMS":1763664497949,"meta":{"revision":1,"created":1763664497949,"version":0,"updated":1763664498001},"$loki":2,"LastModifyInMS":1763664498001}],"idIndex":[1,2],"binaryIndices":{"id":{"name":"id","dirty":false,"values":[1,0]}},"constraints":null,"uniqueNames":[],"transforms":{},"objType":"$EXTENTS_COLLECTION$","dirty":false,"cachedIndex":null,"cachedBinaryIndex":null,"cachedData":null,"adaptiveBinaryIndices":true,"transactional":false,"cloneObjects":false,"cloneMethod":"parse-stringify","asyncListeners":false,"disableMeta":false,"disableChangesApi":true,"disableDeltaChangesApi":true,"autoupdate":false,"serializableIndices":true,"disableFreeze":true,"ttl":null,"maxId":2,"DynamicViews":[],"events":{"insert":[],"update":[],"pre-insert":[],"pre-update":[],"close":[],"flushbuffer":[],"error":[],"delete":[null],"warning":[null]},"changes":[],"dirtyIds":[]}],"databaseVersion":1.5,"engineVersion":1.5,"autosave":true,"autosaveInterval":5000,"autosaveHandle":null,"throttledSaves":true,"options":{"persistenceMethod":"fs","autosave":true,"autosaveInterval":5000,"serializationMethod":"normal","destructureDelimiter":"$<\n"},"persistenceMethod":"fs","persistenceAdapter":null,"verbose":false,"events":{"init":[null],"loaded":[],"flushChanges":[],"close":[],"changes":[],"warning":[]},"ENV":"NODEJS"}