{
  "IsEncrypted": false,
  "Values": {
    "AzureWebJobsStorage": "DefaultEndpointsProtocol=https;AccountName=sageaplphastorage;AccountKey=wmkJSmsduG8tNaXA7rducSiZic4Af5V466IeWs3M/hN7Ph5f1rhaCxlMssGq8FbJCTLYsX214zYx+AStgCutRg==;EndpointSuffix=core.windows.net",
    "AZURE_CONN_STR": "DefaultEndpointsProtocol=https;AccountName=sageaplphastorage;AccountKey=wmkJSmsduG8tNaXA7rducSiZic4Af5V466IeWs3M/hN7Ph5f1rhaCxlMssGq8FbJCTLYsX214zYx+AStgCutRg==;EndpointSuffix=core.windows.net",
    "AzureWebJobsFeatureFlags": "EnableWorkerIndexing"
  }
}
